display_name,stub,dropdown_parent
Home,/,
Browse,/browse.html,
Subjects,/subjects.html,
Locations,/locations.html,
Map,/map.html,
About Book Bans,,
What is a Book Ban?,/intro.html,About Book Bans
U.S. Book Bans 1600-1700,/1600-1700.html,About Book Bans
U.S. Book Bans 1800-1900,/1800-1900.html,About Book Bans
U.S. Book Bans 1900-1939,/1900-1939.html,About Book Bans
U.S. Book Bans 1940-1969,/1940-1969.html,About Book Bans
U.S. Book Bans 1970-1999,/1970-1999.html,About Book Bans
U.S. Book Bans 2000-2026,/2000-2026.html,About Book Bans
International Book Bans Before 2000,/international_pre2000.html,About Book Bans
International Book Bans 2000-2026,/international_post2000.html,About Book Bans
